2026-03-30_17-27-58,0,draft.go:2026-03-30_17-27-58
2026-03-30_17-28-00,0,draft.go:2026-03-30_17-27-58
2026-03-30_17-28-02,0,draft.go:2026-03-30_17-27-58
2026-03-31_16-52-10,0,draft.go:2026-03-31_16-52-10
2026-03-31_16-52-10,0,draft.go:2026-03-31_16-52-10
2026-03-31_16-52-42,0,draft.go:2026-03-31_16-52-42
2026-03-31_17-08-24,100,draft.go:2026-03-31_17-08-24
2026-03-31_17-09-12,---,draft.go:2026-03-31_17-08-24
2026-03-31_17-10-00,---,draft.go:2026-03-31_17-08-24
2026-03-31_17-10-28,---,draft.go:2026-03-31_17-08-24
2026-04-07_17-24-26,100,draft.go:2026-03-31_17-08-24
