2026-03-10_18-13-26,0,draft.go:2026-03-10_18-13-26
2026-03-10_18-19-10,0,draft.go:2026-03-10_18-13-26
2026-03-23_17-15-23,0,draft.go:2026-03-10_18-13-26
2026-03-23_17-40-54,0,draft.go:2026-03-10_18-13-26
2026-03-23_17-42-06,0,draft.go:2026-03-10_18-13-26
2026-03-23_17-42-24,0,draft.go:2026-03-10_18-13-26
2026-03-23_17-43-34,0,draft.go:2026-03-10_18-13-26
2026-03-23_17-44-41,0,draft.go:2026-03-10_18-13-26
2026-03-23_17-45-07,0,draft.go:2026-03-23_17-45-07
2026-03-23_17-45-33,---,draft.go:2026-03-23_17-45-07
2026-03-23_17-50-32,0,draft.go:2026-03-23_17-45-07
2026-03-23_17-50-47,100,draft.go:2026-03-23_17-50-47
2026-03-23_17-51-07,---,draft.go:2026-03-23_17-50-47
2026-03-24_16-48-28,100,draft.go:2026-03-23_17-50-47
2026-03-24_16-48-31,---,draft.go:2026-03-23_17-50-47
2026-03-24_16-55-49,100,draft.go:2026-03-23_17-50-47
2026-03-24_16-55-52,100,draft.go:2026-03-23_17-50-47
2026-03-24_16-55-58,100,draft.go:2026-03-23_17-50-47
