2026-04-27_02-50-32,0,draft.go:2026-04-27_02-50-32
2026-04-27_02-57-52,0,draft.go:2026-04-27_02-57-52
2026-04-27_02-58-41,0,draft.go:2026-04-27_02-58-41
2026-04-27_03-04-12,0,draft.go:2026-04-27_03-04-12
2026-04-27_03-08-26,0,draft.go:2026-04-27_03-08-26
2026-04-27_03-11-06,0,draft.go:2026-04-27_03-11-06
2026-04-27_03-11-29,0,draft.go:2026-04-27_03-11-29
2026-04-27_03-12-47,100,draft.go:2026-04-27_03-12-47
2026-04-27_16-52-04,100,draft.go:2026-04-27_16-52-04
2026-04-27_16-52-15,100,draft.go:2026-04-27_16-52-04
2026-04-27_16-52-21,---,draft.go:2026-04-27_16-52-04
2026-04-27_17-12-27,100,draft.go:2026-04-27_16-52-04
2026-04-27_17-28-18,100,draft.go:2026-04-27_16-52-04
2026-04-27_17-28-38,100,draft.go:2026-04-27_16-52-04
