2026-03-30_17-02-39,0,draft.go:2026-03-30_17-02-39
2026-03-30_17-19-37,0,draft.go:2026-03-30_17-19-37
2026-03-30_17-19-38,0,draft.go:2026-03-30_17-19-37
2026-03-30_17-19-40,0,draft.go:2026-03-30_17-19-37
2026-03-30_17-19-47,0,draft.go:2026-03-30_17-19-37
2026-03-30_17-22-04,0,draft.go:2026-03-30_17-22-04
2026-03-30_17-22-44,0,draft.go:2026-03-30_17-22-44
2026-03-30_17-23-30,0,draft.go:2026-03-30_17-23-30
2026-03-30_17-23-48,100,draft.go:2026-03-30_17-23-48
2026-03-30_17-23-53,100,draft.go:2026-03-30_17-23-48
2026-03-30_17-24-01,100,draft.go:2026-03-30_17-23-48
2026-03-30_17-24-04,---,draft.go:2026-03-30_17-23-48
2026-04-07_17-18-08,0,draft.go:2026-04-07_17-18-08
2026-04-07_17-18-11,0,draft.go:2026-04-07_17-18-08
2026-04-07_17-20-39,100,draft.go:2026-04-07_17-20-39
2026-04-07_17-21-04,100,draft.go:2026-04-07_17-20-39
2026-04-07_17-21-23,100,draft.go:2026-04-07_17-20-39
2026-04-07_17-21-39,100,draft.go:2026-04-07_17-20-39
2026-04-07_17-21-43,---,draft.go:2026-04-07_17-20-39
2026-04-07_17-23-19,100,draft.go:2026-04-07_17-20-39
2026-04-07_17-23-21,100,draft.go:2026-04-07_17-20-39
2026-04-07_17-23-24,100,draft.go:2026-04-07_17-20-39
2026-04-07_17-23-47,100,draft.go:2026-04-07_17-20-39
