2026-03-10_17-15-09,0,draft.go:2026-03-10_17-15-09
2026-03-10_17-19-26,0,draft.go:2026-03-10_17-15-09
2026-03-10_17-32-04,0,draft.go:2026-03-10_17-32-04
2026-03-10_17-41-14,0,draft.go:2026-03-10_17-41-14
2026-03-10_17-43-09,0,draft.go:2026-03-10_17-43-09
2026-03-10_17-46-19,0,draft.go:2026-03-10_17-46-19
2026-03-10_17-49-51,0,draft.go:2026-03-10_17-49-51
2026-03-10_17-50-11,0,draft.go:2026-03-10_17-50-11
2026-03-10_17-50-40,0,draft.go:2026-03-10_17-50-40
2026-03-10_17-52-11,---,draft.go:2026-03-10_17-50-40
2026-03-10_17-55-55,0,draft.go:2026-03-10_17-55-55
2026-03-10_17-57-53,100,draft.go:2026-03-10_17-57-53
