2026-04-27_02-23-21,40,draft.go:2026-04-27_02-23-21
2026-04-27_02-23-47,---,draft.go:2026-04-27_02-23-21
2026-04-27_02-24-11,0,draft.go:2026-04-27_02-24-11
2026-04-27_02-28-08,0,draft.go:2026-04-27_02-28-08
2026-04-27_02-28-27,100,draft.go:2026-04-27_02-28-27
2026-04-27_02-28-52,---,draft.go:2026-04-27_02-28-27
2026-04-27_02-28-59,---,draft.go:2026-04-27_02-28-27
2026-04-27_16-54-11,100,draft.go:2026-04-27_16-54-11
2026-04-27_17-12-16,100,draft.go:2026-04-27_16-54-11
2026-04-27_17-28-06,100,draft.go:2026-04-27_16-54-11
