2026-05-24_18-00-12,0,draft.go:2026-05-24_18-00-12
2026-05-24_18-00-13,0,draft.go:2026-05-24_18-00-12
2026-05-24_18-01-06,0,draft.go:2026-05-24_18-01-06
2026-05-24_18-01-19,0,draft.go:2026-05-24_18-01-06
2026-05-24_18-02-05,0,draft.go:2026-05-24_18-02-05
2026-05-24_18-04-07,0,draft.go:2026-05-24_18-04-07
2026-05-24_18-04-08,0,draft.go:2026-05-24_18-04-07
2026-05-24_18-04-09,0,draft.go:2026-05-24_18-04-07
2026-05-24_18-05-19,0,draft.go:2026-05-24_18-05-19
2026-05-24_18-08-06,0,draft.go:2026-05-24_18-08-06
2026-05-24_18-08-08,0,draft.go:2026-05-24_18-08-06
2026-05-24_18-10-31,0,draft.go:2026-05-24_18-10-31
2026-05-24_18-10-32,0,draft.go:2026-05-24_18-10-31
2026-05-24_18-10-52,0,draft.go:2026-05-24_18-10-52
2026-05-24_18-11-14,0,draft.go:2026-05-24_18-11-14
2026-05-24_18-11-22,0,draft.go:2026-05-24_18-11-22
2026-05-24_18-11-28,0,draft.go:2026-05-24_18-11-28
2026-05-24_18-11-34,---,draft.go:2026-05-24_18-11-28
2026-05-24_18-12-12,0,draft.go:2026-05-24_18-12-12
2026-05-24_18-12-19,0,draft.go:2026-05-24_18-12-19
2026-05-24_18-12-36,0,draft.go:2026-05-24_18-12-19
2026-05-24_18-12-36,0,draft.go:2026-05-24_18-12-19
2026-05-24_18-16-32,0,draft.go:2026-05-24_18-16-32
2026-05-24_18-16-33,0,draft.go:2026-05-24_18-16-32
